{
  "triggers": [
    {
      "branchFilters": [],
      "pathFilters": [],
      "settingsSourceType": 2,
      "batchChanges": false,
      "maxConcurrentBuildsPerBranch": 1,
      "triggerType": "continuousIntegration"
    },
    {
      "settingsSourceType": 2,
      "branchFilters": [
        "+main"
      ],
      "forks": {
        "enabled": true,
        "allowSecrets": false,
        "allowFullAccessToken": false
      },
      "pathFilters": [],
      "requireCommentsForNonTeamMembersOnly": false,
      "requireCommentsForNonTeamMemberAndNonContributors": false,
      "isCommentRequiredForPullRequest": false,
      "pipelineTriggerSettings": {
        "forkProtectionEnabled": false,
        "buildsEnabledForForks": false,
        "enforceJobAuthScopeForForks": false,
        "enforceNoAccessToSecretsFromForks": false,
        "isCommentRequiredForPullRequest": false,
        "requireCommentsForNonTeamMembersOnly": false,
        "requireCommentsForNonTeamMemberAndNonContributors": false
      },
      "triggerType": "pullRequest"
    }
  ],
  "properties": {},
  "tags": [],
  "_links": "{}",
  "comment": "Change YAML file to pipelines/export-arbitrary-api-from-DESIGN.yml",
  "jobAuthorizationScope": "projectCollection",
  "jobTimeoutInMinutes": 60,
  "jobCancelTimeoutInMinutes": 5,
  "badgeEnabled": true,
  "process": {
    "yamlFilename": "pipelines/export-arbitrary-api-from-DESIGN.yml",
    "type": 2
  },
  "repository": {
    "properties": {
      "apiUrl": "https://api.github.com/repos/$username$/webmethods-api-gateway-staging",
      "branchesUrl": "https://api.github.com/repos/$username$/webmethods-api-gateway-staging/branches",
      "cloneUrl": "https://github.com/$username$/webmethods-api-gateway-staging.git",
      "connectedServiceId": "$GitHub_149e9bfc$",
      "defaultBranch": "main",
      "fullName": "repository",
      "hasAdminPermissions": "False",
      "isFork": "False",
      "isPrivate": "False",
      "lastUpdated": "11/13/2023 04:17:53",
      "manageUrl": "https://github.com/$username$/webmethods-api-gateway-staging",
      "nodeId": "MDEwOlJlcG9zaXRvcnkzNDg5NzQxMTY=",
      "ownerId": "20128287",
      "orgName": "thesse1",
      "refsUrl": "https://api.github.com/repos/thesse1/webmethods-api-gateway-staging/git/refs",
      "safeRepository": "thesse1/webmethods-api-gateway-staging",
      "shortName": "webmethods-api-gateway-staging",
      "ownerAvatarUrl": "https://avatars.githubusercontent.com/u/20128287?v=4",
      "archived": "False",
      "externalId": "348974116",
      "ownerIsAUser": "True",
      "reportBuildStatus": "true",
      "fetchDepth": "1"
    },
    "id": "$username$/webmethods-api-gateway-staging",
    "type": "GitHub",
    "name": "$username$/webmethods-api-gateway-staging",
    "url": "https://github.com/$username$/webmethods-api-gateway-staging.git",
    "defaultBranch": "refs/heads/main",
    "clean": null,
    "checkoutSubmodules": false
  },
  "quality": "definition",
  "authoredBy": "{}",
  "drafts": [],
  "queue": {
    "_links": {
      "self": {
        "href": "https://dev.azure.com/pswm-inno-api-management/_apis/build/Queues/54"
      }
    },
    "id": 54,
    "name": "Azure Pipelines",
    "url": "https://dev.azure.com/pswm-inno-api-management/_apis/build/Queues/54",
    "pool": {
      "id": "",
      "name": "Azure Pipelines",
      "isHosted": true
    }
  },
  "id": "",
  "name": "Export arbitrary API project from DESIGN",
  "url": "",
  "uri": "",
  "path": "\\Export",
  "type": "build",
  "queueStatus": "enabled",
  "revision": 3,
  "createdDate": "",
  "project": "{}"
}