{
  "repositories": [
    {
      "fullName": "thesse1/webmethods-api-gateway-staging",
      "endPointName": "GitHub_d8e07704"
    },
    {
      "fullName": "thesse1/webmethods-api-gateway-staging",
      "endPointName": "GitHub_f8b90f81"
    },
    {
      "fullName": "thesse1/webmethods-api-gateway-staging",
      "endPointName": "GitHub_cdb1f15b"
    },
    {
      "fullName": "thesse1/webmethods-api-gateway-staging",
      "endPointName": "GitHub_52e0baec"
    },
    {
      "fullName": "thesse1/webmethods-api-gateway-staging",
      "endPointName": "GitHub_b734fbe4"
    },
    {
      "fullName": "thesse1/webmethods-api-gateway-staging",
      "endPointName": "GitHub_4b57d790"
    },
    {
      "fullName": "thesse1/webmethods-api-gateway-staging",
      "endPointName": "GitHub_d8181bac"
    },
    {
      "fullName": "thesse1/webmethods-api-gateway-staging",
      "endPointName": "GitHub_567c6af3"
    }
  ]
}