{
  "repositories": [
    {
      "fullName": "thesse1/webmethods-api-gateway-staging",
      "endPointName": "GitHub_2b77796c"
    },
    {
      "fullName": "thesse1/webmethods-api-gateway-staging",
      "endPointName": "GitHub_83b8dd98"
    },
    {
      "fullName": "thesse1/webmethods-api-gateway-staging",
      "endPointName": "GitHub_fc3e3873"
    },
    {
      "fullName": "thesse1/webmethods-api-gateway-staging",
      "endPointName": "GitHub_a86128a1"
    },
    {
      "fullName": "thesse1/webmethods-api-gateway-staging",
      "endPointName": "GitHub_ff62d5fb"
    },
    {
      "fullName": "thesse1/webmethods-api-gateway-staging",
      "endPointName": "GitHub_abc53639"
    },
    {
      "fullName": "thesse1/webmethods-api-gateway-staging",
      "endPointName": "GitHub_f1a28fe3"
    },
    {
      "fullName": "thesse1/webmethods-api-gateway-staging",
      "endPointName": "GitHub_3c1646ca"
    },
    {
      "fullName": "thesse1/webmethods-api-gateway-staging",
      "endPointName": "GitHub_149e9bfc"
    }
  ]
}