{
  "count": 37,
  "value": [
    {
      "variables": {
        "elasticsearch_password": {
          "value": null,
          "isSecret": true
        },
        "elasticsearch_user": {
          "value": "apigw"
        },
        "exporter_password": {
          "value": null,
          "isSecret": true
        },
        "exporter_user": {
          "value": "testuser"
        },
        "importer_password": {
          "value": null,
          "isSecret": true
        },
        "importer_user": {
          "value": "testuser"
        },
        "initializer_password": {
          "value": null,
          "isSecret": true
        },
        "initializer_user": {
          "value": "testuser"
        },
        "preparer_password": {
          "value": null,
          "isSecret": true
        },
        "preparer_user": {
          "value": "testuser"
        },
        "publisher_password": {
          "value": null,
          "isSecret": true
        },
        "publisher_user": {
          "value": "testuser"
        },
        "purger_password": {
          "value": null,
          "isSecret": true
        },
        "purger_user": {
          "value": "testuser"
        },
        "updater_password": {
          "value": null,
          "isSecret": true
        },
        "updater_user": {
          "value": "testuser"
        }
      },
      "id": "571",
      "type": "Vsts",
      "name": "API_Gateway_webm_io_users",
      "isShared": false
    },
    {
      "variables": {
        "elasticsearch_password": {
          "value": null,
          "isSecret": true
        },
        "elasticsearch_user": {
          "value": "apigw"
        },
        "exporter_password": {
          "value": null,
          "isSecret": true
        },
        "exporter_user": {
          "value": "testuser"
        },
        "haft_manager_password": {
          "value": null,
          "isSecret": true
        },
        "haft_manager_user": {
          "value": "testuser"
        },
        "importer_password": {
          "value": null,
          "isSecret": true
        },
        "importer_user": {
          "value": "testuser"
        },
        "initializer_password": {
          "value": null,
          "isSecret": true
        },
        "initializer_user": {
          "value": "testuser"
        },
        "preparer_password": {
          "value": null,
          "isSecret": true
        },
        "preparer_user": {
          "value": "testuser"
        },
        "publisher_password": {
          "value": null,
          "isSecret": true
        },
        "publisher_user": {
          "value": "testuser"
        },
        "purger_password": {
          "value": null,
          "isSecret": true
        },
        "purger_user": {
          "value": "testuser"
        },
        "updater_password": {
          "value": null,
          "isSecret": true
        },
        "updater_user": {
          "value": "testuser"
        }
      },
      "id": "570",
      "type": "Vsts",
      "name": "API_Gateway_azure_demo_01_users",
      "isShared": false
    },
    {
      "variables": {
        "foo": {
          "value": "bar"
        }
      },
      "id": "569",
      "type": "Vsts",
      "name": "API_Gateway_webm_io_TEST_EXT_users",
      "isShared": false
    },
    {
      "variables": {
        "foo": {
          "value": "bar"
        }
      },
      "id": "568",
      "type": "Vsts",
      "name": "API_Gateway_webm_io_PROD_INT_users",
      "isShared": false
    },
    {
      "variables": {
        "foo": {
          "value": "bar"
        }
      },
      "id": "567",
      "type": "Vsts",
      "name": "API_Gateway_webm_io_PROD_EXT_users",
      "isShared": false
    },
    {
      "variables": {
        "foo": {
          "value": "bar"
        }
      },
      "id": "566",
      "type": "Vsts",
      "name": "API_Gateway_webm_io_DEV_INT_users",
      "isShared": false
    },
    {
      "variables": {
        "foo": {
          "value": "bar"
        }
      },
      "id": "565",
      "type": "Vsts",
      "name": "API_Gateway_webm_io_DEV_EXT_users",
      "isShared": false
    },
    {
      "variables": {
        "foo": {
          "value": "bar"
        }
      },
      "id": "564",
      "type": "Vsts",
      "name": "API_Gateway_webm_io_BUILD_users",
      "isShared": false
    },
    {
      "variables": {
        "foo": {
          "value": "bar"
        }
      },
      "id": "563",
      "type": "Vsts",
      "name": "API_Gateway_webm_io_DESIGN_users",
      "isShared": false
    },
    {
      "variables": {
        "foo": {
          "value": "bar"
        }
      },
      "id": "562",
      "type": "Vsts",
      "name": "API_Gateway_webm_io_TEST_INT_users",
      "isShared": false
    },
    {
      "variables": {
        "petstore_route": {
          "value": "https://petstore.swagger.io/v2"
        },
        "postman_echo_route": {
          "value": "https://postman-echo.com"
        },
        "stage_name": {
          "value": "PROD_INT"
        },
        "postman_echo_readTimeout": {
          "value": "200"
        }
      },
      "id": "106",
      "type": "Vsts",
      "name": "API_Gateway_PROD_INT_value_substitutions",
      "isShared": false
    },
    {
      "variables": {
        "petstore_route": {
          "value": "https://petstore.swagger.io/v2"
        },
        "postman_echo_route": {
          "value": "https://postman-echo.com"
        },
        "stage_name": {
          "value": "TEST_INT"
        },
        "postman_echo_readTimeout": {
          "value": "500"
        }
      },
      "id": "105",
      "type": "Vsts",
      "name": "API_Gateway_TEST_INT_value_substitutions",
      "isShared": false
    },
    {
      "variables": {
        "postman_echo_password_base64": {
          "value": null,
          "isSecret": true
        },
        "postman_echo_readTimeout": {
          "value": "500"
        },
        "postman_echo_route": {
          "value": "https://postman-echo.com"
        },
        "postman_echo_username": {
          "value": "PostmanEcho_TEST_EXT"
        },
        "stage_name": {
          "value": "TEST_EXT"
        }
      },
      "id": "104",
      "type": "Vsts",
      "name": "API_Gateway_TEST_EXT_value_substitutions",
      "isShared": false
    },
    {
      "variables": {
        "postman_echo_password_base64": {
          "value": null,
          "isSecret": true
        },
        "postman_echo_readTimeout": {
          "value": "200"
        },
        "postman_echo_route": {
          "value": "https://postman-echo.com"
        },
        "postman_echo_username": {
          "value": "PostmanEcho_PROD_EXT"
        },
        "stage_name": {
          "value": "PROD_EXT"
        }
      },
      "id": "103",
      "type": "Vsts",
      "name": "API_Gateway_PROD_EXT_value_substitutions",
      "isShared": false
    },
    {
      "variables": {
        "postman_echo_password_base64": {
          "value": null,
          "isSecret": true
        },
        "postman_echo_readTimeout": {
          "value": "1000"
        },
        "postman_echo_route": {
          "value": "https://postman-echo.com"
        },
        "postman_echo_username": {
          "value": "PostmanEcho_DEV_EXT"
        },
        "stage_name": {
          "value": "DEV_EXT"
        }
      },
      "id": "102",
      "type": "Vsts",
      "name": "API_Gateway_DEV_EXT_value_substitutions",
      "isShared": false
    },
    {
      "variables": {
        "petstore_route": {
          "value": "https://petstore.swagger.io/v2"
        },
        "postman_echo_route": {
          "value": "https://postman-echo.com"
        },
        "stage_name": {
          "value": "DEV_INT"
        },
        "postman_echo_readTimeout": {
          "value": "1000"
        }
      },
      "id": "101",
      "type": "Vsts",
      "name": "API_Gateway_DEV_INT_value_substitutions",
      "isShared": false
    },
    {
      "variables": {
        "BUILD_01": {
          "value": "Available"
        },
        "BUILD_02": {
          "value": "Available"
        },
        "BUILD_03": {
          "value": "Available"
        },
        "BUILD_04": {
          "value": "Available"
        },
        "BUILD_05": {
          "value": "Available"
        },
        "BUILD_06": {
          "value": "Available"
        },
        "BUILD_07": {
          "value": "Available"
        }
      },
      "id": "100",
      "type": "Vsts",
      "name": "API_Gateway_build_environments_availability",
      "isShared": false
    },
    {
      "variables": {
        "foo": {
          "value": "bar"
        }
      },
      "id": "99",
      "type": "Vsts",
      "name": "API_Gateway_azure_demo_01_BUILD_01_users",
      "isShared": false
    },
    {
      "variables": {
        "foo": {
          "value": "bar"
        }
      },
      "id": "98",
      "type": "Vsts",
      "name": "API_Gateway_azure_demo_01_PROD_EXT_users",
      "isShared": false
    },
    {
      "variables": {
        "foo": {
          "value": "bar"
        }
      },
      "id": "97",
      "type": "Vsts",
      "name": "API_Gateway_azure_demo_01_PROD_INT_users",
      "isShared": false
    },
    {
      "variables": {
        "foo": {
          "value": "bar"
        }
      },
      "id": "94",
      "type": "Vsts",
      "name": "API_Gateway_azure_demo_01_BUILD_07_users",
      "isShared": false
    },
    {
      "variables": {
        "foo": {
          "value": "bar"
        }
      },
      "id": "93",
      "type": "Vsts",
      "name": "API_Gateway_azure_demo_01_BUILD_06_users",
      "isShared": false
    },
    {
      "variables": {
        "foo": {
          "value": "bar"
        }
      },
      "id": "92",
      "type": "Vsts",
      "name": "API_Gateway_azure_demo_01_BUILD_05_users",
      "isShared": false
    },
    {
      "variables": {
        "foo": {
          "value": "bar"
        }
      },
      "id": "91",
      "type": "Vsts",
      "name": "API_Gateway_azure_demo_01_BUILD_04_users",
      "isShared": false
    },
    {
      "variables": {
        "foo": {
          "value": "bar"
        }
      },
      "id": "89",
      "type": "Vsts",
      "name": "API_Gateway_azure_demo_01_BUILD_03_users",
      "isShared": false
    },
    {
      "variables": {
        "foo": {
          "value": "bar"
        }
      },
      "id": "88",
      "type": "Vsts",
      "name": "API_Gateway_azure_demo_01_BUILD_02_users",
      "isShared": false
    },
    {
      "variables": {
        "foo": {
          "value": "bar"
        }
      },
      "id": "87",
      "type": "Vsts",
      "name": "API_Gateway_azure_demo_01_BUILD_users",
      "isShared": false
    },
    {
      "variables": {
        "foo": {
          "value": "bar"
        }
      },
      "id": "85",
      "type": "Vsts",
      "name": "API_Gateway_azure_demo_01_PROD_EXT_01_users",
      "isShared": false
    },
    {
      "variables": {
        "foo": {
          "value": "bar"
        }
      },
      "id": "84",
      "type": "Vsts",
      "name": "API_Gateway_azure_demo_01_PROD_INT_02_users",
      "isShared": false
    },
    {
      "variables": {
        "update_username_petstore": {
          "value": "testuser"
        },
        "update_password_petstore": {
          "value": null,
          "isSecret": true
        }
      },
      "id": "1010",
      "type": "Vsts",
      "name": "Update_API_users",
      "isShared": false
    },
    {
      "variables": {
        "foo": {
          "value": "bar"
        }
      },
      "id": "78",
      "type": "Vsts",
      "name": "API_Gateway_azure_demo_01_PROD_EXT_02_users",
      "isShared": false
    },
    {
      "variables": {
        "foo": {
          "value": "bar"
        }
      },
      "id": "77",
      "type": "Vsts",
      "name": "API_Gateway_azure_demo_01_PROD_INT_01_users",
      "isShared": false
    },
    {
      "variables": {
        "foo": {
          "value": "bar"
        }
      },
      "id": "76",
      "type": "Vsts",
      "name": "API_Gateway_azure_demo_01_TEST_INT_users",
      "isShared": false
    },
    {
      "variables": {
        "foo": {
          "value": "bar"
        }
      },
      "id": "75",
      "type": "Vsts",
      "name": "API_Gateway_azure_demo_01_TEST_EXT_users",
      "isShared": false
    },
    {
      "variables": {
        "foo": {
          "value": "bar"
        }
      },
      "id": "74",
      "type": "Vsts",
      "name": "API_Gateway_azure_demo_01_DEV_INT_users",
      "isShared": false
    },
    {
      "variables": {
        "foo": {
          "value": "bar"
        }
      },
      "id": "73",
      "type": "Vsts",
      "name": "API_Gateway_azure_demo_01_DESIGN_users",
      "isShared": false
    },
    {
      "variables": {
        "foo": {
          "value": "bar"
        }
      },
      "id": "66",
      "type": "Vsts",
      "name": "API_Gateway_azure_demo_01_DEV_EXT_users",
      "isShared": false
    }
  ]
}